QTR,AC6,AC6,AC6,AC6,AC5,AC5,AC6,AC6,AC6,AC6,AC3,AC3,AC3,AC3,AC8,AC8,AC8,AC8,AC8,AC8,AC4,AC4,AC4,AC4,AC4,AC6,AC6,AC6,AC6,AC6,AC6,AC2,AC2,AC2,AC1,AC1,AC1,AC1,AC5,AC5,AC5,AC5,AC1,AC2,AC8,AC7,AC7,AC7,AC7,AC5,AC5,AC5,AC5,AC5,AC5,AC5,AC5,AC5,AC5,AC5,AC5,AC5,AC4,AC3,AC2,AC6,AC6,AC6,AC6,AC6,AC6,AC6,AC7,AC7,AC2,AC2,Status
,V61,V62,V63,V64,V521,V56,V65,V66,V67,V68,V32,V33,V34,V35,V87,V86,V83,V82,V84,V85,V45,V44,V46,V41,V43,V611,V612,V69,V618,V616,V617,V25,V26,V27,V11,V12,V13,V14,V51,V52,V57,V58,V15,V22,V81,V72,V73,V74,V71,V53,V55,V54,V515,V516,V59,V513,V512,V517,V518,V514,V511,V519,V42,V31,V23,V622,V623,V621,V619,V614,V615,V613,V75,V76,V24,V21,
,NOTCHECKED,NOTCHECKED,CHECKED,NOTCHECKED,NOTCHECKED,NOTCHECKED,NOTCHECKED,NOTCHECKED,NOTCHECKED,NOTCHECKED,NOTCHECKED,NOTCHECKED,NOTCHECKED,NOTCHECKED,CHECKED,NOTCHECKED,NOTCHECKED,NOTCHECKED,NOTCHECKED,NOTCHECKED,CHECKED,NOTCHECKED,NOTCHECKED,NOTCHECKED,NOTCHECKED,NOTCHECKED,NOTCHECKED,NOTCHECKED,NOTCHECKED,NOTCHECKED,NOTCHECKED,NOTCHECKED,NOTCHECKED,NOTCHECKED,NOTCHECKED,NOTCHECKED,NOTCHECKED,NOTCHECKED,CHECKED,NOTCHECKED,CHECKED,NOTCHECKED,NOTCHECKED,NOTCHECKED,NOTCHECKED,NOTCHECKED,NOTCHECKED,NOTCHECKED,NOTCHECKED,NOTCHECKED,NOTCHECKED,NOTCHECKED,NOTCHECKED,NOTCHECKED,NOTCHECKED,NOTCHECKED,NOTCHECKED,NOTCHECKED,NOTCHECKED,NOTCHECKED,NOTCHECKED,NOTCHECKED,NOTCHECKED,CHECKED,NOTCHECKED,NOTCHECKED,NOTCHECKED,NOTCHECKED,NOTCHECKED,NOTCHECKED,NOTCHECKED,CHECKED,NOTCHECKED,CHECKED,CHECKED,NOTCHECKED,
2007Q1,14.83701892,99.39895748,62.94080546,101.764,1.674048473,3.82953486,1.376969231,1.734046154,1.734892308,178.5230769,1.893147728,1.527559773,0.633027836,0.415871094,11.74471784,9.481329737,22.85267432,1.057488761,10.18128269,1.7748771,2.211015895,3.80775598,1.282929348,4.451192641,1.105980841,4.735231742,2.516571844,6.234601106,2.770959336,4.310665489,1.90269762,5054.97797,6715.212267,2897.825677,244.8954451,9.368891433,79.90958078,31.48790979,1.39738604,147.4976034,0.034829755,0.399359906,40478.43432,13463.19811,4.642362034,2.606052398,6.114546463,2.895702146,45.57335028,4.179963466,3.868789409,3.913524333,5.342744322,80549.16799,711.98407,21.07526598,-22.23449265,3.02584938,381.8467087,6675.034146,7.481354274,7093.20032,3.180939489,1.158048053,460.6307187,0.564206362,2.870990627,2.882427354,2.574383623,4.151536606,1.851110209,0.293229125,92.44514042,2852.292845,192.4493716,6466.172493,NOTCHECKED
2007Q2,14.90709017,91.33259965,58.44709848,101.1369231,3.004369667,3.82953486,1.400923077,1.547769231,1.698153846,176.9492308, ,1.534941241,0.632865985,0.415182094,12.91528863,9.610463234,23.63820358,1.062752663,9.406111246,1.722220982,2.224752649,3.758819931,1.30233643,4.561224039,1.135551775,4.933830233,2.581660734,6.494832868,2.914310983,4.544757796,1.975993283,5282.640742,7089.394133,3022.414882,271.343056,11.93032374,72.52029482,29.71408252,1.307700412,143.3164953,0.083576628,0.399359906,47271.94657,13707.21564,4.496797978,2.676745044,6.30947357,2.973071076,47.35945867,2.514596832,4.325573169,3.023563438,5.528720021,80760.64792,760.1539493,41.2892184,18.55697577,2.983989452,379.7229063,6692.139995,8.121083311,7133.854545,3.337890976,1.151899447,479.753173,1.045674009,2.950915613,2.968603516,2.680464049,4.151519695,1.851584132,0.293911596,91.0359477,2877.140392,202.1334248,6720.868911,NOTCHECKED
2007Q3,23.21522878,117.8079253,87.46058542,98.30738462,2.909346725,3.342410308,2.126230769,1.973061538,2.402969231,241.7123077,1.918794854,1.533331437,0.632395458,0.413793145,20.14824853,14.41592735,32.34953328,1.121026536,13.68071338,2.053491653,2.093641321,3.492574021,1.261324472,4.412767928,1.116491552,5.620336472,2.766540331,6.737675138,2.966218965,4.620696272,1.996297788,5198.034585,7815.535826,2941.585572,275.8609065,12.00481383,65.39554982,35.03512968,1.218806795,138.9771831,0.080094708,0.411372441,30197.10734,13109.31282,4.654950207,2.912664175,6.887340495,3.056755837,48.99880399,1.588251001,5.70868,3.430694953,5.447478005,80807.66513,812.5174416,43.91314492,-4.459444427,2.690969955,339.8864416,6698.074678,7.747908039,7172.585935,3.61440902,1.147926426,464.4835376,1.504599351,2.910988301,2.977815816,2.701522102,4.228532862,1.869284404,0.291331291,108.3190147,2668.667999,201.2074925,7548.173885,NOTCHECKED
2007Q4,30.98177274,117.7892587,104.2148339,100.0325758,3.194415552,3.203231865,2.951984848,2.171909091,2.965969697,304.7818182,1.928730822,1.497008655,0.632315521,0.410610694,20.64609784,14.99982095,28.62423895,1.120918266,19.49331851,2.061788348,1.807541964,2.892176118,1.143104364,3.911128758,1.032980023,5.462595314,2.721907102,6.335081047,2.727709239,4.340944538,1.959944916,5249.856576,7708.553055,2986.03663,283.4187049,11.23827865,71.83449706,36.55147915,1.229282944,134.6160496,0.090540466,0.420982469,29378.06833,12407.65984,4.454814866,2.855010679,6.717570019,2.889386315,49.18584339,2.475971035,8.56302,3.382317729,6.231171297,80943.64438,905.2302916,26.80903133,-13.02689018,2.586320135,328.0538283,6702.612964,7.534665027,7216.215977,3.759622222,1.13732991,456.9253493,1.858285084,2.624269718,2.776055008,2.52613029,3.881060119,1.783763551,0.28004945,117.3342599,2697.935425,201.8530331,9214.084703,NOTCHECKED
2008Q1,50.88831581,144.4616524,158.3786829,98.79415385,-1.366685684,-0.20664,1.063426923,2.777215385,4.1494,396.3569231,1.88134521,1.393366699,0.631033251,0.405943212,24.37649124,18.13647731,38.81529569,1.214439532,23.08966005,2.56271425,1.343894366,1.876893276,0.970166871,3.222178411,0.926534284,5.077087724,2.575134589,5.844331005,2.548292776,4.190565111,1.946324468,4762.844913,6996.632582,2718.993355,345.1436043,12.14165974,90.11391786,41.92415147,1.255557244,129.1802194,-0.076591668,0.435397511,28852.71972, ,4.958096944,2.787559557,6.831467229,2.73149054,46.60776461,2.628100498,8.56302,1.844649162,6.761053735,80974.07876,987.7424613,-15.95125264,-25.84308358,2.942129524,385.3964926,6721.231575,6.255206952,7093.20032,3.609151609,1.130748823,403.4353838,2.024048606,2.156315998,2.518385579,2.369020233,2.802865402,1.426569576,0.248848324,132.4606701,2357.55148,182.6095555,7749.561801,NOTCHECKED
2008Q2,51.41011786,144.839004,159.7969321,97.19646154,2.814323783,3.342410308,1.047038462,2.771384615,4.088030769,384.4876923,1.889621051,1.355623354,0.630909016,0.403651636,19.35178651,13.56222281,30.31736568,1.135576909,15.83253259,2.189506617,1.466784379,1.845533043,1.036875773,3.473431304,0.964823682,5.145199114,2.628517386,6.347571855,2.771273674,4.359964352,1.926333228,4673.953957,7479.162092,2769.886964,381.1703317,13.117085,105.2559818,40.49717893,0.672071897,139.8008731,0.076612789,0.459422581,25733.96666,10714.11804,6.229012382,2.959771301,7.202166162,2.887807357,44.40160346,6.679572749,8.56302,-1.613723096,6.826634639,80697.04786,1104.483581,-21.3934706,4.262512997,3.967697763,565.7983351,6844.230776,5.935342433,7133.854545,3.849184016,1.122890411,418.4134501,2.262027188,2.357532453,2.599041585,2.403121284,2.323978863,1.316292478,0.251549238,132.0855333,2453.584419,185.2975308,7883.26552,NOTCHECKED
2008Q3,60.02555061,169.8051638,175.6231753,94.32015152,-1.1766398,0.906787547,1.233268939,3.256560606,4.729378788,460.1,1.889437777,1.353330712,0.631447966,0.40613524,23.38402794,16.22217889,36.16956888,1.168926414,17.56104469,2.169665947,1.448875711,1.88586872,1.029901522,3.455991741,0.961394185,5.160014037,2.639295973,6.277955898,2.738552051,4.300308243,1.88639615,4308.421372,5872.635903,2477.77598,394.9871337,11.94008586,96.75390301,38.8782074,0.532646192,183.7831702,-0.069627829,0.507472722,19059.74733,9892.565459,7.810009815,3.030506559,7.334393388,3.010966062,45.72522156,-2.165260802,8.56302,-4.389141031,8.09263381,80281.8917,1304.076892,-15.07661047,-21.06046257,3.172359129,430.5424633,6700.402004,5.188991889,7172.585935,3.927869984,1.130241242,411.4475538,2.522039391,2.402113802,2.615237104,2.373143902,2.340740825,1.347914955,0.25545238,146.4997499,2129.599068,169.2574661,6779.526321,NOTCHECKED
2008Q4,145.2412166,345.7095504,334.9510674,75.52287879,-7.163085173,-4.660350191,3.511526515,6.818681818,10.3830303,964.5939394,1.818859273,1.256611785,0.63183896,0.411148996,54.29802376, ,77.31822765,1.497584148,32.46149651,3.805433649,1.08549825,1.127291036,0.874493212,2.786128037,0.850320957,4.603747603,2.280317594,4.342315707,2.15643436,3.727791487,1.742630365,3639.509343,4052.821166,1970.053445,322.5071368,6.105932674,62.09013708,26.81803781,-0.177659539,144.5132621,-0.288988757,0.569937904,10937.3125,6746.019612,9.485872883,2.957171024,7.321498553,2.954123583,43.45599355,-1.22835993,8.56302,-5.960364688,7.17780837,79345.44922,1462.414119,-60.16927356,-42.20606324,4.302577189,605.8775201,6758.759714,3.909533814,7216.215977,3.428586695,1.156613865,284.9879178,2.624469002,1.949162538,2.218779352,1.813961706,2.081029475,1.320054574,0.250390357,157.4378314,1333.517322,123.2149482,4677.229781,NOTCHECKED
2009Q1,145.2416317,99.39895748,317.1363612,76.58875,-3.362167476,-2.781441204,3.42896875,6.870765625,10.0756875,935.6234375,1.796336752,1.178835964,0.631067002,0.410682442,41.8515084,25.91383333,61.17795426,1.330022151,24.79215996,3.159317986,0.986687143,0.848980226,0.806477347,2.471856774,0.762092543,2.259965467,1.586712107,2.64667969,1.724246159,3.348442372,1.73455575,3355.848626,3982.886439,1868.853538,368.9196172,5.473948449,57.25574996,26.73783366,-0.942532351,195.5641427,-0.149711977,0.670843199,10570.97799,6178.808279,10.19231632,2.737648341,6.898613167,2.641489948,41.43353181,-2.03939317,8.56302,-4.436457374,5.996259259,78024.48005,1623.131504,-146.4673012,-57.25860293,4.15606744,576.2049668,6729.7845,3.536358542,6938.732576,2.025797739,1.159135468,250.4889571,2.612675627,1.596972649,1.939974379,1.642333868,0.894558008,1.005550531,0.231733413,138.9350498,1090.396748,109.6297934,4271.197889,NOTCHECKED
2009Q2,106.589662,91.33259965,228.842828,87.08876923,0.248704337,-0.484996887,2.460153846,5.430984615,7.354384615,664.4246154,1.81017243,1.213603279,0.63090112,0.408548028,30.86380282,19.227798,47.47761155,1.21031201,19.96337159,2.438573884,1.022677277,0.815056665,0.885900664,3.006269623,0.865564071,1.387096994,1.369276423,2.282992178,1.862278876,3.539421324,1.816228592,3535.801229,5405.799506,1968.92878,360.5815289,7.449231985,60.41852673,31.12775462,0.746394606,160.2212253,-0.017399037,0.745320916,12978.27336,7191.368207,9.40378354,2.712986211,6.514404483,2.540436652,35.72529367,3.550963192,11.41736,0.109138915,6.187465525,76935.28039,1815.244317,-190.1994098,-38.63768413,5.014195967,723.414812,6802.106168,4.495952098,6928.752147,1.571094743,1.149986439,283.7029327,2.617820782,1.765888148,2.171662872,1.936684877,0.833401574,0.924318588,0.226792246,102.2387075,1295.759954,120.656938,5436.679903,NOTCHECKED
2009Q3,70.28639538,117.8079253,153.2215521,98.24969697,2.244186128,1.672268986,1.53330303,4.345424242,4.945863636,454.9969697,1.814724548,1.223700303,0.6302028,0.405540048,23.86492637,15.02470402,38.42301509,1.137231663,16.13115472,2.186344234,1.02660816,0.766267057,0.923221312,3.198373492,0.900437645,0.880404842,1.185518164,1.874552677,1.931917821,3.647229545,1.849219052,3779.027966,6049.285334,2182.209449,412.7445484,9.217339329,50.44842988,34.29709462,1.113674885,177.4999849,0.055721272,0.769345987,17539.99047,7853.565843,10.23668448,2.665213764,6.35076379,2.530962906,31.95248107,-0.809374338,11.41736,1.161325002,6.028733634,76368.14741,1720.37799,-197.9740069,-41.81222011,3.988627727,555.9681641,6725.18803,5.775410174,6953.97791,1.287274541,1.139870912,324.5483331,2.628769144,1.821939666,2.272591722,2.074695125,0.766610526,0.83569459,0.219928532,98.06055842,1590.15585,134.4809428,6490.164282,NOTCHECKED
2009Q4,52.5035081,117.7892587,123.6625724,104.4156061,5.094874401,4.455837856,1.22257197,3.575454545,4.025621212,344.0560606,1.805799815,1.18915502,0.629927832,0.403020134,21.50485509,14.24389348,35.69757987,1.114802079,13.55763211,2.054919609,0.978318286,0.704037078,0.896224211,3.08911976,0.890918205,0.757792635,1.151717192,1.745516072,1.810599569,3.524139568,1.832665991,3961.809753,6635.534763,2424.467606,470.385747,10.50585664,53.68083481,40.04700801,1.252585457,109.0438779,0.160178856,0.79096855,17553.08455,7734.412284,10.72130721,2.52187899,6.065628564,2.414120032,31.59490575,1.796487085,5.70868,1.813118057,7.418805588,76074.1435,1702.58347,-50.35384474,-49.39143768,4.072347584,574.596945,6723.558902,6.468449964,7030.38771,1.191476385,1.133469782,347.3163042,2.605891412,1.722285046,2.214661569,2.083930371,0.745616117,0.805799589,0.214456067,87.19910793,1779.077926,147.2910908, ,NOTCHECKED
2010Q1,47.56259523,144.4616524,120.3501039,106.526875,2.244186128,2.159393539,1.064949219,3.08378125,3.75640625,290.6671875,1.76890712,1.181015996,0.630866169,0.405244234,18.90943474,12.51484328,32.62297861,1.087013982,11.87108273,1.953996866,0.9909551,0.710649374,0.916588363,3.232134266,0.935848877,0.794716651,1.167718994,1.73145098,1.750500606,3.566799539,1.861713468,3941.908063,6719.682321,2511.985238,444.1495769,11.362021,49.77781703,43.89954689,1.15604994,109.0360846,0.055721272,0.783761029,20062.24587,8151.086121,16.2,2.606052398,6.002281782,2.373067131,45.57335028,4.179963466,5.70868,2.149691459,8.767847766,75972.50047,1655.773681,-0.887970787,-41.74601929,4.15606744,592.5279051,6761.377956,6.628382224,7057.398964,1.153031024,1.146680288,370.988249,2.57787301,1.744533166,2.292977619,2.201269971,0.741887331,0.803458198,0.2101298,76.67715476,1809.424278,151.77488,6771.49633,NOTCHECKED
2010Q2,40.72027914,144.839004,122.8294076,108.2204615,4.334690862,4.316659412,0.966957692,3.068246154,3.854707692,281.3384615,1.725155442,1.18174232,0.632645969,0.408269346,24.62699139,15.20606312,42.62512547,1.125224629,12.25898103,2.14110336,0.976801226,0.719782013,0.888065921,3.0441103,0.895957174,0.902113719,1.203660262,1.803470232,1.59781921,3.372810074,1.827845287,3849.730613,6613.113757,2483.170721,430.9504758,11.01891257,46.7038625,46.83766605,1.504818929,108.367419,0.1323235,0.769345987,22470.39234,8054.226927,16.2,2.676745044,5.795601581,2.314645694,47.35945867,2.514596832,5.70868,3.469383749,8.526844059,76345.32163,1638.205843,35.9441829,-36.32944789,4.72117647,693.9546389,6872.740524,5.88203168,7122.500662,1.16847791,1.164805794,392.7573259,2.53343965,1.651465057,2.185300959,2.072953355,0.797213536,0.840791619,0.214258602,84.9145454,1858.996924,153.3453727,6648.049676,NOTCHECKED
2010Q3,40.4045426,169.8051638,136.3076983,114.3874242,3.669530264,3.272821086,0.884598485,3.005090909,4.118409091,282.8575758,1.662695187,1.15746005,0.631106677,0.403593151,22.75791813,14.06367103,37.05795997,1.109494968,9.872528289,2.135610161,0.870639036,0.646823423,0.77071769,2.435777312,0.770642255,0.924508867,1.216163887,1.763386338,1.397683791,3.074997848,1.796605578,3826.435362,6785.830731,2459.072831,412.9259406,11.39028979,52.93916243,50.42554989,1.19825259,106.3154418,0.107950064,0.757333452,21206.33608,7260.627321,18,2.912664175,5.51259952,2.167802623,48.99880399,1.588251001,2.85434,2.559692743,7.778373437,76330.49462,1582.102101,109.9972201,-36.73518648,4.742106434,705.574872,6921.672562,5.402234902,7175.01237,1.289863417,1.161137188,386.2633281,2.402439115,1.301319904,1.878990332,1.793282277,0.779546106,0.830487866,0.211645666,99.44320967,1931.754448,148.0495094,6814.750261,NOTCHECKED
2010Q4,34.86314573,345.7095504,136.8207231,114.0921212,2.71930084,3.342410308,0.789041667,2.509575758,3.98980303,262.969697,1.654639241,1.13037045,0.630577616,0.400145324,18.07446499,11.71632993,31.5411973,1.075900491,10.24486867,1.87517388,0.854239427,0.640344566,0.763838429,2.435086513,0.78725533,0.907802217,1.21434141,1.790168023,1.431853945,3.180843634,1.832280658,3913.635637,7302.260409,2669.00981,412.294346,13.56780265,68.45575451,74.43339244,1.304904058,105.2867256,0.073130869,0.759735959,23576.25593,7634.181864,16.2,2.855010679,5.430014622,2.134644511,49.18584339,2.475971035,5.70868,1.123090274,7.886340191,76524.41625,1477.035094,65.68201676,-46.92183695,4.72117647,708.8819357,6960.48073,5.402234902,7210.996853,1.383569061,1.150602766,423.9839259,2.258281194,1.292845228,1.95037639,1.91871937,0.758253119,0.810829822,0.208218927,91.88956547,2155.369765,162.8747166,7556.827182,NOTCHECKED
2011Q1,42.33885579,84.46375234,142.8783346,107.2345313,-0.131387433,1.185144434,3.446984375,2.57165625,3.963515625,226.9625,1.626848142,1.116319364,0.630122074,0.398159686,17.38091993,11.79949913,31.30429378,1.07904162,9.393546666,2.011434515,0.919837866,0.648951662,0.865667493,2.953309577,0.889747679,0.851851289,1.209482346,1.980358438,1.694344481,3.47597068,1.86166905,4012.261845,7591.577136,2749.651573,476.9569663,15.0978758,80.54219877,102.8483457,1.423179478,104.3507496,-0.031326715,0.72610086,26833.75173,7968.103977,16.2,2.787559557,5.585268797,2.235697807,46.60776461,2.628100498,5.70868,3.11435428,7.896010205,76717.36242,1402.91015,31.47378958,-58.75225883,5.076985859,788.8279254,7031.406002,5.562167161,7193.691338,1.431761942,1.148835283,466.3372381,2.176496807,1.572904893,2.196077925,2.131057577,0.759177281,0.813939868,0.208452032,83.43460866,2238.278461,176.0437348,7569.993638,NOTCHECKED
2011Q2,40.8712574,93.57429242,150.7679293,106.7212308,3.574507322,4.247070191,3.1982,2.897015385,3.976307692,241.9692308,1.59757583,1.075526252,0.628610541,0.393809516,16.34635565,10.84549277,30.03246138,1.068027422,9.121645345,2.042466235,0.877889752,0.603612417,0.821873677,2.717466554,0.844435701,0.980702019,1.236167231,1.888574753,1.562799812,3.316857044,1.849630708,3954.033121,7636.182397,2735.700133,441.468624,14.32445393,87.46164771,99.44668347,0.909864041,103.9735537,0.104468144,0.728503367,24266.74853,7467.792044,16.2,2.959771301,5.308651601,2.107802229,44.40160346,6.679572749,4.338992644,1.178553529,8.723586773,77120.22778,1394.749606,59.55952155,-17.46092253,4.867686218,754.2099466,7016.103831,5.455545655,7245.104283,1.636189785,1.138479992,477.1596083,2.065989058,1.454110625,2.089501147,2.032710684,0.720514214,0.804538712,0.20768867,87.55170189,2320.926431,178.1734885,7495.292424,NOTCHECKED
2011Q3,49.9008278,108.4717278,196.2795421,107.6540909,0.723819049,2.089804317,3.929878788,3.318909091,5.067863636,309.1227273,1.526602494,1.034061664,0.627399527,0.391107673,28.40274644,18.81934792,50.57942415,1.232905794,14.91261294,2.249760112,0.788239318,0.556458999,0.704436475,2.081985003,0.705094615,0.978445797,1.244808321,1.848224089,1.261103987,2.897859705,1.782323213,2039.941267,6851.709351,2524.614849,431.1399311,14.02684277,85.44123906,75.93443806,0.904822677,104.4544006,1.06E-05,0.723698353,21908.54756,7165.3392,18,3.030506559,5.052442265,1.960959158,45.72522156,-2.165260802,2.890146049,1.566484915,9.137597748,77359.80098,1326.858411,-11.38367685,-41.40195607,4.930476111,768.5001026,7046.708173,5.135681136,7243.089885,1.73078993,1.142344619,426.4601428,1.890284028,1.149612356,1.788988567,1.730692728,0.726484121,0.812006074,0.20847954,113.3192131,2184.563641,165.6965999,6629.172892,NOTCHECKED
2011Q4,61.32917284,145.5572798,260.4270677,105.4612308,5.284920286,4.107891747,4.909092308,4.0826,6.266692308,374.7753846,1.579447635,1.08316004,0.628926645,0.396437176,27.89134377,17.73506618,50.86789516,1.157014326,16.26120949,2.109829871,0.783282535,0.543449475,0.672788535,1.865356874,0.640045259,1.071494513,1.283651113,2.00636528,1.176541449, ,1.648410237,1951.229987,6212.115055,2512.446054,340.9918865,11.73875181,75.55702497,67.62007076,0.717116962,104.4871325,0.167142695,0.697270776,18282.1569,6648.818549,19.8,2.957171024,4.877605244,1.912011468,43.45599355,-1.22835993,2.289360035,1.236906734,9.000592683,77686.3853,1263.840875,101.3479809,-40.81571682,4.993266003,786.1580024,7068.643224,4.815816617,7327.053679,1.687498947,1.152140096,415.5728435,1.721927704,1.09769283,1.639156039,1.464074373,0.75996828,0.848861843,0.212507895,117.1298581,2046.195081,165.5692047,6006.911349,NOTCHECKED
2012Q1,61.19408703,134.9232497,224.5937196,107.012,3.859576149,4.386248634,4.584969231,3.570723077,5.536369231,338.1553846,1.561495522,1.088621153,0.629774273,0.396960318,17.18392538,11.93001747,34.15364852,1.079213892,11.0278132,1.889989708,0.791508678,0.571810562,0.663822503,1.819969635,0.638855545,1.355100104,1.341068132,1.959803436,1.105443849,2.518969612,1.641287523,2118.790145,6643.093628,2691.100371,311.3146919,12.99942496,78.19550501,65.41313928,0.798324213,105.6085891,0.114913903,0.670843199,19467.73895,7186.586291,16.2,2.737648341,4.741229826,1.831484623,41.43353181,-2.03939317,2.62682419,2.784343624,8.252774607,78148.16849,1246.726401,78.31573702, ,5.600234961,919.1990517,7200.95173,4.442641345,7384.418256,1.397758319,1.158059396,466.4540429,0.830059927,1.029522853,1.602448703,1.486017618,0.758725015,0.856179486,0.213963405,112.3819797,2259.327651,181.9235899,6642.042994,NOTCHECKED
2012Q2,61.1769906,137.2620825,186.3390564,106.208,2.434232013,2.646518091,4.442846154,3.273215385,5.060123077,360.6461538,1.556630405,1.104774203,0.630309246,0.397894954,18.75358359,14.0547177,40.10918503,1.092812456,11.59010175,1.956984439,0.791513479,0.592938294,0.645723614,1.65215107,0.600937479,1.246593375,1.312354838,1.91579258,1.057717084,2.41015609,1.634948273,1911.235973,6371.942149,2566.697993,303.8196791,12.20169432,78.09283681,56.73397651,0.657047663,108.1531031,0.062685111,0.666038185,16941.20729,7013.199036,16.2,2.712986211,4.536004683,1.758852566,35.72529367,3.550963192,1.590759879,0.538244053,7.725190913,78393.39937,1176.001684,89.10299047, ,6.039764206,1007.700931,7266.407785,4.229398333,7416.190815,1.17537579,1.162821396,454.0725444,0.823953843,0.986652434,1.532176747,1.41375837,0.747030862,0.846489095,0.213602701,117.7795779,2312.189489,182.3654429,6390.190479,NOTCHECKED
2012Q3,56.43911461,108.9401623,144.6184235,108.7675385,1.293956704,2.159393539,4.073169231,2.908953846,4.2532,325.9876923,1.557977252,1.121870159,0.631591736,0.399447717,15.23601908,10.51130155,32.57692252,1.053714097,9.597646145,1.788276046,0.78143193,0.588789084,0.625882874,1.521480545,0.5682778,1.056912143,1.235011644,1.563363329,0.894424661,2.220490366,1.609913254,2056.532615,6386.309351,2657.279012,335.9724472,12.11360464,102.3684636,50.89312362,0.820090106,110.31029,0.020902077,0.65402565,16081.41783,6891.593985,16.2,2.665213764,4.359319811,1.692536341,31.95248107,-0.809374338,2.296930023,4.555623683,7.234802358,78633.55784,1048.379839,82.30021803, ,5.579304997,918.4102108,7214.39204,4.122776827,7426.217026,0.960138201,1.168611494,470.6249673,0.771737794,0.87931446,1.437155042,1.345996794,0.743741831,0.838019322,0.213172389,114.0882364,2483.172803,189.1945227,6416.168619,NOTCHECKED
2012Q4,47.75299404,83.29903223,115.7492158,110.4439394,1.293956704,2.089804317,3.467515152,2.474090909,3.573272727,276.1560606,1.561873207,1.110540844,0.631163836,0.397536653,15.76612438,9.2886822,27.23980639,1.031955545,8.057065702,1.773596053,0.784531693,0.582378948,0.62939997,1.553900071,0.579921157,0.713396725,1.136982806,1.35976536,0.862953546,2.182909507,1.623157616,2181.198601,6429.018273,2704.442878,339.018217,12.46464608,95.994528,49.82415749,0.62583763,112.6537368,0.020902077,0.637208101,16650.16317,7160.398781,16.2,2.52187899,4.186315038,1.660957186,31.59490575,1.796487085,2.928376774,-0.01467084,7.231791747,78940.82803,1046.453044,28.16958582, ,6.856032805,1190.833377,7414.251195,4.442641345,7434.640875,0.853413909,1.16023237,475.3488983,0.756152974,0.856218622,1.441673618,1.399085996,0.727314996,0.815916337,0.210209795,98.89774521,2569.059752,191.4924494,7038.243751,NOTCHECKED
2013Q1,45.58070457,89.13007812,122.7254906,113.6521993,4.239667919,4.038302525,3.26803125,2.274421875,3.474578125,2.512296875,1.577922522,1.087104937,0.630758569,0.397491463,12.76014893,8.479315765,12.65021212,1.041732511,7.457822363,2.045783997,0.78303704,0.567395839,0.651304736,1.719122411,0.623101985,0.614780325,1.110469855,1.316284727,0.897947285,2.290958657,1.669908705,2291.340468,6786.079411,2911.864801,307.9972312,12.44432262,92.35894025,55.27657392,0.666236046,115.4936171,0.128841581,0.632403087,16898.99697,8845.777838,7.628076713,1.661258842,4.268423883,1.667273017,37.24105939,-7.36549849,2.151044977,2.780833505,7.069901866,79313.64919,964.9609419,80.25938629,-38.93416552,4.239787296,677.3889803,7117.517079,4.336019839,7500.520864,0.863279742,1.156523153,528.4856076,0.775671126,0.930150021,1.554136643,1.545144911,0.722059766,0.810669178,0.20821097,92.92216858,2762.025805,204.3542864,7452.684525,CHECKED
2013Q2,47.05679097,101.1110503,133.7341365,129.2371066,1.293956704,1.533090543,3.343230769,2.503492308,3.669323077,2.820292308,1.580495318,1.088852842,0.630899145,0.398248126,13.94126874,9.538920376,13.6519169,1.075831894,8.820981831,2.345456429,0.785362025,0.55281107,0.665638975,1.769739888,0.629341457,0.576448757,1.097962222,1.283632872,0.902475232,2.278725722,1.640899817,2308.36099,6959.519537,2979.784912,321.6595829,11.25314281,90.56360137,55.84801111,1.232413394,118.561062,0.020902077,0.617988045,14583.84745,10572.20228,6.926779,1.690563449,4.28017205,1.70674696,39.00516314,1.956133941,0.656794983,2.46330058,6.716028039,79656.23107,1005.990345,85.60442179,12.50606609,4.637456614,754.2402866,7170.521937,4.17608758,7509.768784,0.860632816,1.158841214,555.8708384,0.789052904,0.984668274,1.607461216,1.581603377,0.717525322,0.807179154,0.206836254,101.7166966,2901.229152,217.3390571,7138.350958,CHECKED
2013Q3,50.55108287,126.1482678,154.7127259,152.5895712,3.859576149,3.968713304,3.620333333,2.855318182,3.960227273,3.211242424,1.583258559,1.087595033,0.630042066,0.397605468,13.50164238,9.961301733,12.99271513,1.064293636,9.15401795,2.218885059,0.815772036,0.549163141,0.763898422,2.372687128,0.756841297,0.556740197,1.092218044,1.329901149,1.134576691,2.702717885,1.703118928,2383.105566,6973.848013,3020.139124,340.5691143,11.20445341,90.09623965,54.35781477,1.133477986,121.4173083,0.114913903,0.596365481,13511.12042,10968.92144,6.63752463,1.906615889,4.868292431,1.9593802,41.1223234,1.998502807,2.560792363,3.592036959,6.848124176,79963.30616,920.4179712,132.6407342,-21.24678166,4.679316542,766.2549401,7201.533562,4.336019839,7568.598379,0.871399786,1.155783034,602.7719827,0.873873049,1.261270953,1.918434301,1.86249707,0.710088103,0.804413024,0.206280366,103.6777725,2766.748349,226.158294,7135.844031,CHECKED
2013Q4,44.58187413,113.675526,140.4299468,139.4286841,3.859576149,4.316659412,3.298363636,2.668575758,3.578242424,2.990469697,1.579069712,1.095383573,0.629497224,0.395830484,13.35052697,8.428658166,11.59382859,1.042478879,7.984288411,1.988329852,0.803491532,0.551045943,0.753199571,2.371681954,0.763502229,0.552415074,1.092533201,1.337078505,1.202710902,2.768411425,1.688954648,2586.028639,7208.936258,3059.587597,382.6893852,11.42859852,77.13141238,50.03830762,1.054798941,123.87142,0.114913903,0.574742918,13418.21315,11603.87132,6.449808892,1.805142171,4.639807547,1.899379806,42.01036761,1.922753648,2.056327836,2.204049581,6.359381817,80333.20094,856.6070487,109.0253955,-21.53175548,4.428156973,723.2631118,7229.985127,4.229398333,7628.984553,0.883010799,1.149886553,643.1833698,0.833104096,1.201184091,1.895631763,1.872590355,0.69914416,0.800241848,0.204911396,93.32639725,2811.986987,238.7869014,7518.663805,CHECKED
2014Q1,48.60416387,117.9040146,142.0249708,135.9340225,-0.131387433,0.698019882,3.814390625,2.943453125,3.565578125,3.004890625,1.574348452,1.102536187,0.628700671,0.395220997,13.87681713,9.305312264,12.7709059,1.056605799,8.515670602,2.111535083,0.818571256,0.547823573,0.780379166,2.464591691,0.767257645,0.579703296,1.100468524,1.363750423,1.280781236,2.812519085,1.681905694,2647.597881,7410.421863,3090.286361,403.5057525,11.56285939,79.79297315,53.99428402,1.198612664,125.4285223,-0.031326715,0.555522862,14061.08704,11646.66178,6.147540292,1.812009508,4.630367333,1.893063975,41.62233944,4.633656549,2.803337534,3.402235886,6.153455433,80629.35088,792.6827854,54.79758084,-30.36995223,5.035125931,853.7859383,7340.067666,4.069466073,7609.801985,0.917397962,1.148533338,672.2579327,0.877326533,1.271202068,1.913637722,1.84969058,0.690787413,0.799135275,0.2042979,95.23379799,2836.8753,247.7073922,7214.885077,CHECKED
2014Q2,42.571027,111.3798713,120.0225149,116.9010373,5.665012056,5.778033069,3.342246154,2.717523077,3.079523077,2.5974,1.570843589,1.110970651,0.628957071,0.394978931,11.99536073,7.707976215,11.03813103,1.02363259,7.243468751,1.874662706,0.832785389,0.536166254,0.789335373,2.436349268,0.741687767,0.593550281,1.106183873,1.439999751,1.311202627,2.750706928,1.666863761,2751.245699,7785.544926,3127.501522,421.5919342,11.23283933,82.68797297,54.36322638,1.010257251,126.2639646,0.181070373,0.521887764,17682.80354,11353.80672,5.558108832,1.934855759,4.79286712,1.839379411,42.64909144,3.943070096,2.531929694,3.3830508,6.176698511,81100.4985,825.6649851,99.50151408,6.913002283,5.118845787,883.3371315,7428.215153,4.122776827,7705.211226,0.920312329,1.148342663,661.0557343,0.909280578,1.293530646,1.850937727,1.741595488,0.687337589,0.797559414,0.203936446,96.29037596,3032.653407,256.5332594,7360.114039,CHECKED
2014Q3,38.12532981,109.5102797,106.3301069,107.7300575,5.474966171,5.151730073,3.221318182,2.768636364,2.802939394,2.541636364,1.564785624,1.124818334,0.629859401,0.396526264,12.26235544,8.187824588,11.57636679,1.028426975,7.384721159,1.68795617,0.863098545,0.54040811,0.79659991,2.406412165,0.720195464,0.601264625,1.11274956,1.56171273,1.314091739,2.652127811,1.60543999,2717.832443,8058.047541,3124.771432,452.0249557,11.45815161,63.49419667,43.2609764,1.171526017,127.9480978,0.174106534,0.512277736,17751.86088,12067.55436,5.453827848,1.843541034,4.740068511,1.822010876,43.47190762,3.275808822,1.721793241,2.956252295,6.178151909,81536.91971,720.4846369,93.67056626,-14.40779782,5.097915823,894.0168235,7510.253409,3.909533814,7798.377159,0.833685893,1.155658735,666.4092922,0.962861228,1.337140695,1.810920715,1.664222114,0.689550777,0.798802609,0.204321399,97.95848349,3132.541167,266.7111199,7856.476022,CHECKED
2014Q4,40.6746522,114.316687,114.9224058,116.8384171,2.624277898,2.22898276,3.883075758,3.306893939,3.274151515,3.016818182,1.558873303,1.124751673,0.630447048,0.399561178,15.01926282,9.912494482,14.76670753,1.067228765,8.851220315,2.045068931,0.86996052,0.569013256,0.77997003,2.272140768,0.680623318,0.627260539,1.117235823,1.451773485,1.130965359,2.336914246,1.501020936,2659.445213,7756.646205,3019.736028,427.5007256,10.7440447,65.60706437,40.85747149,1.213837238,129.9556532,0.06964895,0.485850159,15048.40402,12927.5867,8.253311492,1.845051809,4.394805684,1.757273608,45.07824599,2.634146476,0.254750963,2.842162392,5.751104839,82010.01826,705.0702756,81.61994078,-22.05864673,5.097915823,905.181956,7602.357351,3.962844567,7835.139933,0.78017596,1.168834167,665.4899016,0.964477876,1.295543808,1.718718927,1.534330323,0.691061912,0.79919502,0.204467218,101.1395692,3147.129862,271.2164163,7588.191606,CHECKED
2015Q1,49.08814235,122.2629832,120.7903881,122.5510302,3.954599092,2.437750426,4.83478125,3.989078125,3.942453125,3.421359375,1.45343567,1.087236513,0.628680148,0.398910938,15.63089805,9.828997465,15.52301461,1.099720507,7.633852434,1.917180216,0.89154292,0.617809142,0.75620515,2.088287294,0.626261983,0.639304554,1.120437313,1.408303781,1.017278388,2.051273504,1.372570742,2944.104303,8179.307367,3140.219489,423.7385804,9.767123383,65.82901857,41.04157722,1.376266148,131.6000406,0.118395822,0.473837624,13609.69283,14093.53421,10.49538898,1.886338456,4.407293027,1.714641749,48.12903149,1.874786447,-0.932435904,2.126132011,4.923610766,82407.22594,698.269822,160.3377363,-33.19732181,5.2862855,949.2660255,7696.264972,3.856223061,7899.600687,0.757512343,1.193910819,701.6670568,0.969749417,1.232626395,1.58623813,1.3197071,0.701065612,0.804192384,0.206145015,105.3234454,3366.911988,278.5390799,7885.506747,CHECKED
2015Q2,41.08436069,112.0131495,105.101293,108.8366444,3.954599092,4.316659412,3.877446154,3.649969231,3.345261538,2.800830769,1.426486543,1.086490842,0.628579362,0.398172021,12.90658179,9.693884467,15.74199086,1.082677319,10.19770423,1.804960344,0.894103857,0.634420463,0.767437209,2.200343213,0.660870701,0.653032453,1.125758877,1.448968608,1.086951969,2.206098898,1.412660417,3103.946054,8266.232078,3200.778713,448.8596429,10.36750048,59.78498695,43.07283749,1.166514289,133.1859781,0.118395822,0.466630103,12291.78792,15533.27698,8.777052688,1.786056047,4.336958362,1.736747158,48.53788547,2.934787706,2.99594823,2.530127,4.409929367,82818.87045,699.0632083,140.5125137,16.70438733,5.223495608,948.9626251,7755.14633,3.856223061,7964.748167,0.723989558,1.19843176,726.8122588,0.975486349,1.258352538,1.655416176,1.415678664,0.708919024,0.808097881,0.207524107,99.6504527,3299.778803,283.6780669,8822.48931,CHECKED
2015Q3,43.47060671,125.2835745,115.0216785,124.5625532,1.769071416,2.020215095,4.177378788,4.14369697,3.751121212,3.235545455,1.452160333,1.11047887,0.628289765,0.399597562,18.18481438,12.55489411,18.17214012,1.126029345,13.80639812,2.051334428,0.9194538,0.699457834,0.772499998,2.230349519,0.671269821,0.68327301,1.135740013,1.5072684,1.122313513,2.253258368,1.408350016,2900.557268,7299.44812,2958.530883,472.2334357,9.047870965,60.47293988,42.1007304,1.154140448,135.0524747,0.038311674,0.442605032,9967.582606,15064.14688,10.51601786,1.826104173,4.463771318,1.725694453,49.27052194,2.68847144,2.116197395,2.091138353,4.411160306,83192.47198,718.5578418,117.1887224,-15.0844167,5.2862855,973.4773726,7820.660568,3.802912308,7983.884953,0.710062182,1.197093559,690.6255792,0.972840768,1.253005956,1.66925392,1.444785108,0.716611265,0.815108612,0.209187314,103.2880318,3155.646976,273.6223345,7517.080308,CHECKED
2015Q4,42.5433648,128.9024082,108.920223,126.898606,1.198933761,0.698019882,4.433409091,4.55419697,3.999075758,3.454060606,1.461870451,1.113975202,0.628723693,0.401163436,15.94690058,11.01478083,15.90203933,1.101835477,11.00579567,1.999647506,0.965720928,0.779133993,0.777196994,2.227929656,0.665492136,0.686142098,1.135453632,1.476617814,1.053228293,2.166552008,1.380695167,2854.053742,7294.981043,2900.376669,475.0791322,8.306823614,57.10271801,40.60708554,1.19545079,136.9719657,0.017420157,0.437800018,8824.174794,14756.204,10.25820958,1.883765417,4.464785518,1.700431129,49.15165762,0.557960763,0.985755597,3.093500737,4.318617375,83612.89563,677.188416,83.46640759,-27.08667624,5.097915823,933.6105679,7838.697348,3.749601555,7991.850984,0.670138984,1.201025153,671.2202058,0.967537059,1.207646752,1.593815923,1.375249721,0.753939549,0.834327732,0.211550457,102.257105,3215.760481,277.0059807,7221.184948,CHECKED
2016Q1,46.75074094,137.9065691,115.5739212,102.4126154,2.244186128,1.185144434,4.641446154,5.142953846,4.525292308,375.7261538,1.470458481,1.077082801,0.628897076,0.401324503,19.24345055,14.3387374,38.61926914,1.155981088,13.14574432,2.337284812,0.965087114,0.854994611,0.741760363,2.019403543,0.61659918,0.701166017,1.140700257,1.426120662,0.904490716,1.933668775,1.300359142,2551.440978,7140.568493,2773.334937,851.116771,7.995488942,55.85349374,38.09967017,1.344441427,138.6818168,0.055721272,0.430592497,7943.653388,13080.75885,12.40175335,1.808886086,4.308577265,1.635693862,47.72469632,1.758462219,0.863124373,1.742945106,4.712384583,83956.84315,705.9770027,46.92580129,-30.95735516,5.160705715,954.3934912,7891.58584,3.696290802,8022.616344,0.60735806,1.19919176,602.4920488,0.932242346,1.088857384,1.459370004,1.226938881,0.874832578,0.879042365,0.215701411,109.1593937,3150.636244,263.3852336,6397.7684,NOTCHECKED
2016Q2,39.68534364,119.1501389,95.7522678,105.6035385,3.004369667,3.899124082,3.965969231,4.454230769,3.850307692,317.36,1.470820242,1.063977868,0.629169892,0.399925864,14.69519568,12.36991648,35.13080956,1.115939967,10.90950345,2.210868366,0.944456484,0.845166559,0.72037393,1.89502263,0.587551379,0.704889966,1.139367988,1.407476104,0.848702481,1.831248938,1.268329818,2547.604526,7318.704623,2870.400471,872.078573,8.088227359,59.21293164,40.56941263,1.079468812,140.2887963,0.083576628,0.42818999,8199.370036,12705.47153,11.83546101,1.807660129,4.328572819,1.574114509,48.63553104,1.101038268,3.084332253,1.2064115,4.749579723,84277.76979,741.1126794,24.67101713,8.567505473,4.61652665,848.8405128,7879.483743,3.696290802,8067.986093,0.561968425,1.193070577,655.5750475,0.918160439,1.042011101,1.391420367,1.162879889,0.883403503,0.882833326,0.217144291,110.1951017,3423.942704,280.080771,6666.255107,NOTCHECKED
2016Q3,34.24087392,102.283651,82.25889664,108.7783333,2.624277898,2.785696534,3.059166667,3.936075758,3.326409091,267.5060606,1.465289822,1.012939723,0.629449555,0.400234825,12.46998098,9.18946636,28.36571415,1.069333432,9.08521033,2.020041219,0.930764538,0.840580591,0.701879249,1.781665471,0.55466693,0.667938861,1.107612325,1.17350142,0.651592869,1.440223614,1.126245834,2548.827998,7805.157468,3129.708499,859.337662,8.215149848,49.97981895,43.98794684,1.123877044,142.2760891,0.06964895,0.42818999, ,12799.9431,11.37674095,1.755412495,4.244269353,1.528324735,51.39809511,1.943199407,2.338541795,2.216523243,4.702284946,84692.73086,634.5722405,0.764131093,-23.33883086,4.449086937,819.8354402,7909.389887,3.696290802,8106.534356,0.536305758,1.195989268,707.5073971,0.919360728,1.013071883,1.314251812,1.031268675,0.925569521,0.911801973,0.221062053,112.5180796,3621.438376,291.7933374,7297.338877,NOTCHECKED
2016Q4,32.97969358,102.5821612,80.77817881,104.0047692,2.529254955,3.064053421,2.729784615,3.752353846,3.031030769,253.9353846,1.45769775,0.995878112,0.628990678,0.401840201,13.20589735,9.341710168,26.54076441,1.069294088,8.86054282,1.826913735,1.020102127,0.971564325,0.782249129,2.223633101,0.656324034,0.541161782,1.08531763,1.249838898,0.793040908,1.719045984,1.224574583,2649.874778,7950.248388,3203.991197,731.6236842,9.106565186,51.07468979,44.60337445,1.397352345,144.5603068,0.06616703,0.418579962,9904.35865,13916.43703,9.748133759,1.811431256,4.551745967,1.694115298,51.80184088,2.729942738,2.882901305,3.087961074, ,85007.60965,642.392762,41.19203594,-26.3474769,4.470016901,832.7299547,7963.20931,3.749601555,8142.01524,0.527073846,1.205249131,743.14643,1.028072705,1.241345536,1.542321146,1.248541298,0.988717916,0.939713526,0.224007133,100.1861305,3345.271425,294.8683984,7350.269712,NOTCHECKED
2017Q1,32.78922499,97.75504944,79.39024013,102.3966154,2.529254955,3.064053421,2.561369231,3.296538462,2.727692308,243.7446154,1.448978922,0.995514806,0.628910493,0.401946388,11.05944649,7.163781194,21.36335566,1.033483632,6.887643784,1.755415566,1.094664621,1.062845403,0.83732387,2.486313161,0.710828584,0.49700856,1.072187016,1.234404761,0.814511116,1.769456568,1.246975871,2862.809127,8301.51499,3363.308361,611.6213585,10.05852947,51.95376449,47.99274231,1.340880862,146.5234403,0.06616703,0.406567427,9392.770958,14924.34219,8.932418742,1.894587796,4.627068743,1.834035247,51.07883143,3.748504841,2.996680269,2.067433754,5.446499186,85351.94735,647.9464658,8.052815861,-40.20607454,4.846756254,924.6299178,8050.425867,3.749601555,8178.091287,0.517260672,1.208351994,795.1617367,1.140520688,1.430436669,1.709837678,1.399847606,1.139001327,0.969966519,0.226428785,103.2788521,3442.468925,313.8737907,7609.416947,NOTCHECKED
2017Q2,30.4337715,94.6587113,82.36419303,103.4981538,3.669530264,3.272821086,2.358661538,3.024384615,2.615230769,236.3015385,1.460959822,1.003251711,0.628847299,0.400771862,10.83064208,7.556225126,22.70791255,1.037848201,6.496139284,1.657411846,1.111575709,1.218357188,0.814710002, ,0.677965505,0.441865258,1.054668217,1.174971961,0.760951966,1.660959449,1.216173071,3039.183941,8661.079178,3417.207137,287.2381562,9.788468634,50.76094858,48.24689124,1.336829965,148.4390347,0.107950064,0.389749878,8393.553424,15132.53262,9.383493258,1.869596092,4.514820153,1.759338399,52.99127,1.770213482,1.255505651,1.541460662,5.246820014,85648.29238,721.7313867,16.89642005,1.271839444,4.700246506,902.2086326,8093.772321,3.749601555,8238.614807,0.51590679,1.199622106,804.7388744,1.121084829,1.368534394,1.642926848,1.334978933,1.293462033,1.020766795,0.226565114,103.2190981,3557.947502,323.5810782,8121.329986,NOTCHECKED
2017Q3,28.73159395,90.41537369,87.65161202,104.0556923,3.47948438,3.690356417,2.272430769,2.888030769,2.629015385,216.0292308,1.499344735,1.003153231,0.628865691,0.399463026,10.33406657,7.119763058,19.78140907,1.035307631,7.483969704,1.596270889,1.132238043,0.896920849,0.815103611,2.327966699,0.674509668,0.371067008,1.036778985,1.198885428,0.807595136,1.735431494,1.250736146,2980.514118,9030.664517,3413.714911,287.1985027,10.97760996,47.59881981,47.39023046,1.338492111,150.837814,0.100986225,0.384944864,9555.526611,15410.26022,9.284688142,1.789571504,4.300915237,1.725451537,54.00525145,2.245698876,2.540595094,2.364527775,4.870953337,85958.48895,599.7765865,54.11730359,-17.67219622,4.679316542,905.0302558,8138.224256,3.696290802, ,0.51611432,1.18333221,819.0363413,1.125759067,1.362169745,1.634077134,1.33724941,1.411218517,1.020766795,0.226210757, ,3627.370425,332.905777,8804.437123,NOTCHECKED
2017Q4,26.77706359,87.38908844,80.87404455,103.4492308,3.004369667,3.899124082,2.036861538,2.716569231,2.373630769,191.6646154,1.524706232,1.003153231,0.629776237,0.400939055,9.739432026,6.529641573,17.80308462,1.018888021,7.454709501,1.66695468,1.2375371,0.801592133,0.85737505,2.480224205,0.697524563,0.275044117,1.073818478,1.353926039,0.885884609,1.79713418,1.250370907,3077.995887,9187.468496,3459.827999,304.4641567,11.73895581,44.29956245,48.77998243,1.358258899,153.4890963,0.083576628,0.372932329,10476.78965,17189.4056,7.986495328,1.82338381,4.29826717,1.78411589,55.78055399,2.920771947,3.259572951,1.988448844,4.965898826,86273.95301,649.3065565,21.17244844,-17.67219622,4.428156973,864.5566504,8184.596234,3.696290802,8343.271968,0.51657879,1.182716745,873.8828256,1.212985895,1.480448153,1.699956412,1.370375016,1.478747959,1.020766795,0.229635116,92.89534772,3700.134405,351.2446457,9347.711464,NOTCHECKED
2018Q1,27.55242244,93.06804347,83.96360027,99.42338462,2.909346725,3.342410308,2.003046154,2.467076923,2.174646154,179.8338462,1.527183153,1.003153231,0.629358833,0.398599291,16.16379742,8.427912743,23.31334063,1.063861901,10.22502371,1.920274807,1.385532976,0.763166726,0.934366563,2.837936239,0.766038913,-0.074310368,1.092870713,1.459684543,0.979303834,1.919351223,1.265472324,2974.391526,9372.117657,3401.724694,326.3492405,11.90876023,46.84131795,54.80579534,1.16124602,156.0273758,0.080094708,0.368127315,11936.51999,17325.5259,7.766160185,2.045837342,4.604518803,2.00201206,54.5771755,3.963412633,3.328476505,0.896536115,4.95904709,86649.11528,642.7327847,35.55545305,-17.67219622,4.993266003,996.960559,8274.140117,3.749601555,8389.145317,0.51695432,1.172604903,898.9823156,1.363790604,1.71592133,1.868775202,1.499555897,1.692193373,1.020766795,0.238228432,90.29769194,3642.79255,368.7880897,10094.48086,NOTCHECKED
2018Q2,31.55370752,124.5610248,92.46604632,96.05646154,4.809805574,5.638854625,2.259230769,2.824384615,2.485492308,232.4861538,1.534399362,1.003153231,0.630200359,0.400841666,14.38745875,8.18171885,20.5934717,1.051560765,9.432161783,1.697935827,1.486032477,0.469771098,0.972506019,2.995005686,0.794731704,-0.13930529,1.137509689,1.562110803,1.001765533,1.942583785,1.272977868,2980.156019,9384.714786,3489.589039,387.7659193,11.70150022,49.10241857,58.83643617,1.158228101,157.596168,0.149733098,0.35611478,13020.96492,17332.06461,8.444444617,2.114762289,4.761421916,2.125170764,57.60320578,2.202964081,2.537404961,2.009911999,5.090208899,87055.68738,621.1980152,-9.828757435,-17.67219622,4.637456614,936.2804909,8310.330043,3.696290802,8475.031946,0.51889126,1.179913815,929.9556359,1.458408268,1.837779977,1.953075807,1.553625608,1.905983191,1.020766795,0.245200235,97.10167276,3715.113426,364.6992537,9827.474645,NOTCHECKED
2018Q3,36.29519543,138.1344746,100.21073,95.69953846,4.049622034,3.759945638,2.588092308,2.999815385,2.737523077,252.6461538,1.510343667,1.003153231,0.629378423,0.400746634,12.16307451,7.967070801,19.67168189,1.038349439,9.765668381,1.675919793,1.54598868,0.308498298,0.979684454,2.997605605,0.795295385,-0.633052495,1.17059356,1.628093473,1.001451661,1.937106056,1.273176216,2931.751824,9396.820665,3493.38726,337.8834245,10.33877022,45.25828781,57.48770603,0.986368636,158.8766081,0.121877742,0.348907259,11950.00847,17562.08851,8.313522941,2.096660324,4.757703181,2.133065553,55.53339478,2.456202315,2.43671107,2.925502027, ,87445.87175,584.475566,90.3663625,-17.67219622,4.490946865,907.5181386,8364.324016,3.589669295,8545.261205,100.687544,1.185683799,982.2528456,1.485667043,1.863217244,1.962927687,1.560645207,1.99796431,1.020766795,0.246720257,98.49625485,3842.031096,384.4350665,9029.34114,NOTCHECKED
2018Q4,39.42892285,144.1578068,108.4627353,94.2,2.909346725,3.203231865,2.714560606,3.111424242,2.849590909,267.2712121,1.503693305,1.003153231,0.629570581,0.401449636,19.92411761,11.35093718,26.42434133,1.086945983,11.83876484,1.959106862,1.589458067,0.247270032,0.992010208,3.069144589,0.816064952,-1.043630528,1.198913347,1.707912873,1.016574903,1.950307214,1.28907213,4209.47117,8548.902795,3233.812361,326.3095918,10.41195403,47.33168306,52.67557749,1.052206974,160.1601654,0.080094708,0.348907259,10368.85609,16984.2804,9.569068978,2.097166986,4.844448371,2.205697609,55.52160658,2.729903354,2.055339462,1.417616249,4.869974518,87825.91132,663.8141907,104.7493671,-17.67219622,4.72117647,975.9652554,8452.704236,3.536358542,8591.180336,98.70670234,1.190367989,868.0825666,1.511544596,1.891990222,2.007946923,1.624779819,2.162748072,1.020766795,0.251074673,103.9993617,3717.674703,364.1326519,8396.711605,NOTCHECKED
